{
  "Column_0": 83.95809860454,
  "Column_1": 16.065846526126588,
  "Column_2": 0.30794450246636534,
  "Column_3": 5.622994657217914,
  "Column_4": 31.80360919632409,
  "Column_5": 5.630177918048703,
  "Column_6": 272.82898098400966,
  "Column_7": 4.9674889893925815,
  "Column_8": 5.614441311462781,
  "Column_9": 167.04575375926845,
  "Column_10": 77.72736784703602,
  "Column_11": 22.618494280114763,
  "Column_12": 198.3340025396556
}