{
  "Column_0": 48.867076380669985,
  "Column_1": 8.659714864695937,
  "Column_2": 0.37034372550177974,
  "Column_3": 3.8090704210113744,
  "Column_4": 18.111725278574156,
  "Column_5": 2.178479686690298,
  "Column_6": 154.99029876059984,
  "Column_7": 1.1049213367934327,
  "Column_8": 1.868620839307546,
  "Column_9": 87.63251713864749,
  "Column_10": 40.171736241696955,
  "Column_11": 14.896531966421954,
  "Column_12": 101.65829513576362
}