{
  "Column_0": 32.25868041731767,
  "Column_1": 5.46859507651459,
  "Column_2": 0.011370066689304889,
  "Column_3": 2.6403903463781733,
  "Column_4": 10.378657073571208,
  "Column_5": 2.681409571539248,
  "Column_6": 98.94611033857329,
  "Column_7": 0.21900429271022168,
  "Column_8": 0.7408199218140662,
  "Column_9": 59.26110261907678,
  "Column_10": 32.39664914669391,
  "Column_11": 6.579697023159971,
  "Column_12": 74.57318720187791
}