{
  "Column_0": 121.45126834931274,
  "Column_1": 31.696076499323983,
  "Column_2": 2.0639774453755706,
  "Column_3": 11.40142190889882,
  "Column_4": 41.633719727916926,
  "Column_5": 2.435510134021983,
  "Column_6": 420.1275086368498,
  "Column_7": 3.6753317035349413,
  "Column_8": 6.783478947442962,
  "Column_9": 243.23319342538193,
  "Column_10": 102.76213819893015,
  "Column_11": 28.93281924949318,
  "Column_12": 287.7979885362829
}